URL,NAME
http://cdn.wpsstatic.com/images/full/000b-572a54214d7dd.jpg,ebc-DRC171_1.jpg
http://cdn.wpsstatic.com/images/full/0023-572a540ca5451.jpg,ebc-DRC205_1.jpg
http://cdn.wpsstatic.com/images/full/0035-572a525417958.jpg,ebc-342G_1.jpg
http://cdn.wpsstatic.com/images/full/0035-572a525417958.jpg,ebc-344G_1.jpg
http://cdn.wpsstatic.com/images/full/0035-572a525417958.jpg,ebc-533_1.jpg
http://cdn.wpsstatic.com/images/full/0035-572a525417958.jpg,ebc-536G_1.jpg
http://cdn.wpsstatic.com/images/full/0035-572a525417958.jpg,ebc-612_1.jpg
http://cdn.wpsstatic.com/images/full/0035-572a525417958.jpg,ebc-615G_1.jpg
http://cdn.wpsstatic.com/images/full/0035-572a525417958.jpg,ebc-616G_1.jpg
http://cdn.wpsstatic.com/images/full/0035-572a525417958.jpg,ebc-625G_1.jpg
http://cdn.wpsstatic.com/images/full/0035-572a525417958.jpg,ebc-702G_1.jpg
http://cdn.wpsstatic.com/images/full/0035-572a525417958.jpg,ebc-815_1.jpg
http://cdn.wpsstatic.com/images/full/0035-572a525417958.jpg,ebc-817_1.jpg
http://cdn.wpsstatic.com/images/full/0035-572a525417958.jpg,ebc-821G_1.jpg
http://cdn.wpsstatic.com/images/full/0035-572a525417958.jpg,ebc-843G_1.jpg
http://cdn.wpsstatic.com/images/full/0035-572a525417958.jpg,ebc-859_1.jpg
http://cdn.wpsstatic.com/images/full/0035-572a525417958.jpg,ebc-862_1.jpg
http://cdn.wpsstatic.com/images/full/0035-572a525417958.jpg,ebc-864_1.jpg
http://cdn.wpsstatic.com/images/full/0035-572a525417958.jpg,ebc-938_1.jpg
http://cdn.wpsstatic.com/images/full/0035-572a525417958.jpg,ebc-940G_1.jpg
http://cdn.wpsstatic.com/images/full/0035-572a525417958.jpg,ebc-977G_1.jpg
http://cdn.wpsstatic.com/images/full/0035-572a525417958.jpg,ebc-982G_1.jpg
http://cdn.wpsstatic.com/images/full/0035-5d0299bf613e9.jpg,ebc-SRK82_1.jpg
http://cdn.wpsstatic.com/images/full/0092-6377f8754e4c1.jpg,ebc-MD8001_1.jpg
http://cdn.wpsstatic.com/images/full/00a5-572a5566b28a2.jpg,ebc-MD6278D_1.jpg
http://cdn.wpsstatic.com/images/full/00a9-572a547779a5d.jpg,ebc-FA271X_1.jpg
http://cdn.wpsstatic.com/images/full/00b0-572a542010d06.jpg,ebc-FA196HH_1.jpg
http://cdn.wpsstatic.com/images/full/00e8-5885c21ec8699.jpg,ebc-FA281HH_1.jpg
http://cdn.wpsstatic.com/images/full/00fe-572a53b5bedb1.jpg,ebc-SRC54_1.jpg
http://cdn.wpsstatic.com/images/full/010c-572a53ecb4da6.jpg,ebc-DRC61_1.jpg
http://cdn.wpsstatic.com/images/full/012f-572a5361ec68a.jpg,ebc-CSK4_1.jpg
http://cdn.wpsstatic.com/images/full/0136-572a5364bb0d7.jpg,ebc-CSK10_1.jpg
http://cdn.wpsstatic.com/images/full/016e-572a54b0df6a3.jpg,ebc-EPFA346HH_1.jpg
http://cdn.wpsstatic.com/images/full/021b-572a5486aa2bf.jpg,ebc-MD3060_1.jpg
http://cdn.wpsstatic.com/images/full/024f-572a52606e80f.jpg,ebc-331G_1.jpg
http://cdn.wpsstatic.com/images/full/0258-572a53e0bdc46.jpg,ebc-DRC28_1.jpg
http://cdn.wpsstatic.com/images/full/0270-572a54ae426c7.jpg,ebc-CK3455_1.jpg
http://cdn.wpsstatic.com/images/full/0282-5d028ff648b22.jpg,ebc-FA663_1.jpg
http://cdn.wpsstatic.com/images/full/02b0-572a542451f87.jpg,ebc-DRC184_1.jpg
http://cdn.wpsstatic.com/images/full/02b1-5d028b04d906e.jpg,ebc-611_1.jpg
http://cdn.wpsstatic.com/images/full/02b4-572a5343f27ff.jpg,ebc-FA135R_1.jpg
http://cdn.wpsstatic.com/images/full/02bc-572a527d5a55a.jpg,ebc-512_1.jpg
http://cdn.wpsstatic.com/images/full/02c1-6114357bc4df4.jpeg,ebc-SFA306_1.jpg
http://cdn.wpsstatic.com/images/full/02d6-572a52aab6ada.jpg,ebc-614G_1.jpg
http://cdn.wpsstatic.com/images/full/030c-572a53d0de76b.jpg,ebc-SRK96_1.jpg
http://cdn.wpsstatic.com/images/full/031f-572a531dd3fce.jpg,ebc-MD1159_1.jpg
http://cdn.wpsstatic.com/images/full/0392-572a5513eb8f5.jpg,ebc-FA452SV_1.jpg
http://cdn.wpsstatic.com/images/full/03ac-572a56474917a.jpg,ebc-SFA83/2HH_1.jpg
http://cdn.wpsstatic.com/images/full/03dc-5885c2a89b22b.jpg,ebc-FSD025CBLK_1.jpg
http://cdn.wpsstatic.com/images/full/0408-5d7902e99256f.jpg,ebc-SFA425_1.jpg
http://cdn.wpsstatic.com/images/full/0409-5885c1fd2ea74.jpg,ebc-DRC276_1.jpg
http://cdn.wpsstatic.com/images/full/0415-572a55a75f89b.jpg,ebc-FA90_1.jpg
http://cdn.wpsstatic.com/images/full/0445-572a750469b17.jpg,ebc-CT051_1.jpg
http://cdn.wpsstatic.com/images/full/0463-572a54f0bdd4d.jpg,ebc-FA428X_1.jpg
http://cdn.wpsstatic.com/images/full/0474-572a531932104.jpg,ebc-CK1147_1.jpg
http://cdn.wpsstatic.com/images/full/047d-572a529cc68e8.jpg,ebc-604G_1.jpg
http://cdn.wpsstatic.com/images/full/0481-60a6ac3aeca8d.png,ebc-MD1184_1.jpg
http://cdn.wpsstatic.com/images/full/0497-5d79055353a47.jpg,ebc-CK3315_1.jpg
http://cdn.wpsstatic.com/images/full/049a-5d02902925e81.jpg,ebc-FA670_1.jpg
http://cdn.wpsstatic.com/images/full/04ad-572a551d39873.jpg,ebc-FA474_1.jpg
http://cdn.wpsstatic.com/images/full/04b9-660426c48c724.png,ebc-SFA706_1.jpg
http://cdn.wpsstatic.com/images/full/0505-5f57b8c10c0dc.jpg,ebc-MD2092C_1.jpg
http://cdn.wpsstatic.com/images/full/0531-5ecd3c356ab6f.jpg,ebc-CSK188_1.jpg
http://cdn.wpsstatic.com/images/full/0567-572a5473dc45f.jpg,ebc-FA266V_1.jpg
http://cdn.wpsstatic.com/images/full/058a-572a533e8820c.jpg,ebc-FA130X_1.jpg
http://cdn.wpsstatic.com/images/full/05ba-572a54ba40574.jpg,ebc-FA363_1.jpg
http://cdn.wpsstatic.com/images/full/05c5-572a545e8145d.jpg,ebc-CK2324_1.jpg
http://cdn.wpsstatic.com/images/full/05f0-572a5381b7d2e.jpg,ebc-FA171HH_1.jpg
http://cdn.wpsstatic.com/images/full/05f7-572a53e28f45a.jpg,ebc-DRC32_1.jpg
http://cdn.wpsstatic.com/images/full/0618-572a54b4e2cf7.jpg,ebc-FA34V_1.jpg
http://cdn.wpsstatic.com/images/full/0627-63643b2888d23.png,ebc-CKF1319_1.jpg
http://cdn.wpsstatic.com/images/full/0630-572a54c85b480.jpg,ebc-FA379HH_1.jpg
http://cdn.wpsstatic.com/images/full/064c-572a562753b6e.jpg,ebc-SFA181HH_1.jpg
http://cdn.wpsstatic.com/images/full/0652-572a53ce3ae56.jpg,ebc-SRK85_1.jpg
http://cdn.wpsstatic.com/images/full/0667-572a55a9297db.jpg,ebc-FA92X_1.jpg
http://cdn.wpsstatic.com/images/full/0681-572a5429356f5.jpg,ebc-FA200_1.jpg
http://cdn.wpsstatic.com/images/full/068c-5fb44ae46d89a.jpg,ebc-MD2091_1.jpg
http://cdn.wpsstatic.com/images/full/0691-5f578b60989cb.jpg,ebc-MD2084C_1.jpg
http://cdn.wpsstatic.com/images/full/06f1-5cd2ef7f8ee2b.jpg,ebc-14-0000X_1.jpg
http://cdn.wpsstatic.com/images/full/072d-5f579cf271a6d.jpg,ebc-MD6021D_1.jpg
http://cdn.wpsstatic.com/images/full/0739-572a5339deb97.jpg,ebc-FA129HH_1.jpg
http://cdn.wpsstatic.com/images/full/0748-572a5315df21d.jpg,ebc-MD1127_1.jpg
http://cdn.wpsstatic.com/images/full/074c-572a53254c9f3.jpg,ebc-CK1193_1.jpg
http://cdn.wpsstatic.com/images/full/07bf-572a543467ca8.jpg,ebc-FA209/2_1.jpg
http://cdn.wpsstatic.com/images/full/080d-60a6ab40187a4.png,ebc-MD6045D_1.jpg
http://cdn.wpsstatic.com/images/full/0819-572a541e5a20c.jpg,ebc-DRC162_1.jpg
http://cdn.wpsstatic.com/images/full/088b-572a52ae5160f.jpg,ebc-620_1.jpg
http://cdn.wpsstatic.com/images/full/08e5-572a54d123155.jpg,ebc-FA40_1.jpg
http://cdn.wpsstatic.com/images/full/090b-572a54bb060d2.jpg,ebc-FA363HH_1.jpg
http://cdn.wpsstatic.com/images/full/091c-572a5546520ed.jpg,ebc-FA610R_1.jpg
http://cdn.wpsstatic.com/images/full/0921-572a531cb1e58.jpg,ebc-CK1153_1.jpg
http://cdn.wpsstatic.com/images/full/093e-5d028dc136e31.jpg,ebc-FA453X_1.jpg
http://cdn.wpsstatic.com/images/full/096c-572a5389430e7.jpg,ebc-CSK26_1.jpg
http://cdn.wpsstatic.com/images/full/096f-572a55af4a912.jpg,ebc-FSD009BLK_1.jpg
http://cdn.wpsstatic.com/images/full/0974-572a547f79510.jpg,ebc-MD3028RS_1.jpg
http://cdn.wpsstatic.com/images/full/09d7-572a5269d55c5.jpg,ebc-346_1.jpg
http://cdn.wpsstatic.com/images/full/0a04-572a546789298.jpg,ebc-FA244_1.jpg
http://cdn.wpsstatic.com/images/full/0a2e-5d0297159d139.jpg,ebc-CK5651_1.jpg
http://cdn.wpsstatic.com/images/full/0a33-572a52bd7f541.jpg,ebc-706G_1.jpg
http://cdn.wpsstatic.com/images/full/0aac-572a5598e213e.jpg,ebc-OS6015C_1.jpg
http://cdn.wpsstatic.com/images/full/0aac-572a5598e213e.jpg,ebc-OS6213C_1.jpg
http://cdn.wpsstatic.com/images/full/0aac-572a5598e213e.jpg,ebc-OS6314C_1.jpg
http://cdn.wpsstatic.com/images/full/0aac-572a5598e213e.jpg,ebc-OS6028E_1.jpg
http://cdn.wpsstatic.com/images/full/0abe-5d028f8dee529.jpg,ebc-FA658_1.jpg
http://cdn.wpsstatic.com/images/full/0ad0-572a533203b4e.jpg,ebc-CKF1247_1.jpg
http://cdn.wpsstatic.com/images/full/0b2a-5885c1fea9589.jpg,ebc-DRC287_1.jpg
http://cdn.wpsstatic.com/images/full/0b30-572a5388d43a9.jpg,ebc-CSK25_1.jpg
http://cdn.wpsstatic.com/images/full/0bb3-572a525b6d576.jpg,ebc-324_1.jpg
http://cdn.wpsstatic.com/images/full/0bc3-5d790604a8e04.jpg,ebc-DRC301_1.jpg
http://cdn.wpsstatic.com/images/full/0bec-572a537c2a199.jpg,ebc-CSK171_1.jpg
http://cdn.wpsstatic.com/images/full/0c29-572a547940a5f.jpg,ebc-FA275HH_1.jpg
http://cdn.wpsstatic.com/images/full/0c4a-5f57b2ba85fdc.jpg,ebc-MD842XC_1.jpg
http://cdn.wpsstatic.com/images/full/0c64-572a543a5b867.jpg,ebc-FA213HH_1.jpg
http://cdn.wpsstatic.com/images/full/0c97-572a54d774ae9.jpg,ebc-FA401X_1.jpg
http://cdn.wpsstatic.com/images/full/0d0d-572a534e21b3a.jpg,ebc-FA142V_1.jpg
http://cdn.wpsstatic.com/images/full/0d42-572a543c30688.jpg,ebc-FA214/2_1.jpg
http://cdn.wpsstatic.com/images/full/0d81-572a541eec237.jpg,ebc-DRC163_1.jpg
http://cdn.wpsstatic.com/images/full/0dea-572a536e79957.jpg,ebc-CSK124_1.jpg
http://cdn.wpsstatic.com/images/full/0df6-572a5416a9941.jpg,ebc-DRC240_1.jpg
http://cdn.wpsstatic.com/images/full/0e75-63643b2888dc9.png,ebc-CK2387_1.jpg
http://cdn.wpsstatic.com/images/full/0ea0-572a525121b24.jpg,ebc-308_1.jpg
http://cdn.wpsstatic.com/images/full/0eb2-572a53f48220f.jpg,ebc-DRC85_1.jpg
http://cdn.wpsstatic.com/images/full/0ecd-572a54e97dfe6.jpg,ebc-FA414X_1.jpg
http://cdn.wpsstatic.com/images/full/0ed1-5cca0aa31371f.jpg,ebc-RSD014CBLK_1.jpg
http://cdn.wpsstatic.com/images/full/0ede-5e023a2501010.jpg,ebc-FA175_1.jpg
http://cdn.wpsstatic.com/images/full/0ef4-572a5271cf02a.jpg,ebc-502_1.jpg
http://cdn.wpsstatic.com/images/full/0f05-5f57a54705fc0.jpg,ebc-MD6255D_1.jpg
http://cdn.wpsstatic.com/images/full/0f48-572a54a0100d1.jpg,ebc-FA335HH_1.jpg
http://cdn.wpsstatic.com/images/full/0f59-572a563ddff67.jpg,ebc-SFA408HH_1.jpg
http://cdn.wpsstatic.com/images/full/0f6c-572a53c791f2b.jpg,ebc-DRC15_1.jpg
http://cdn.wpsstatic.com/images/full/0f70-572a54c461913.jpg,ebc-FA372R_1.jpg
http://cdn.wpsstatic.com/images/full/0f7e-572a53e9ea78b.jpg,ebc-DRC58_1.jpg
http://cdn.wpsstatic.com/images/full/0f7e-5f57a919db2cf.jpg,ebc-MD6339D_1.jpg
http://cdn.wpsstatic.com/images/full/0f8c-5d0298528a338.jpg,ebc-CSK248_1.jpg
http://cdn.wpsstatic.com/images/full/0fa7-5885c264e77cc.jpg,ebc-FA645R_1.jpg
http://cdn.wpsstatic.com/images/full/0fda-572a5360bbbe1.jpg,ebc-CSK1_1.jpg
http://cdn.wpsstatic.com/images/full/0fe2-572a5404c749d.jpg,ebc-DRC111_1.jpg
http://cdn.wpsstatic.com/images/full/0fe6-572a545f9ebb2.jpg,ebc-FA232R_1.jpg
http://cdn.wpsstatic.com/images/full/1032-572a54b575bb9.jpg,ebc-FA35_1.jpg
http://cdn.wpsstatic.com/images/full/1033-5d0297fb1b8fe.jpg,ebc-CSK221_1.jpg
http://cdn.wpsstatic.com/images/full/1046-5885c1f97016d.jpg,ebc-SRK80_1.jpg
http://cdn.wpsstatic.com/images/full/10b1-5885c1cf77cb0.jpg,ebc-FA101X_1.jpg
http://cdn.wpsstatic.com/images/full/10c4-5d0299a6ca6d5.jpg,ebc-SRK79_1.jpg
http://cdn.wpsstatic.com/images/full/110a-572a562956df4.jpg,ebc-SFA196_1.jpg
http://cdn.wpsstatic.com/images/full/110b-5fb4460e50b8a.jpg,ebc-GPFAX379HH_1.jpg
http://cdn.wpsstatic.com/images/full/112a-5d0296ed64f11.jpg,ebc-CK5635_1.jpg
http://cdn.wpsstatic.com/images/full/1132-6171d6efe5a7b.png,ebc-720_1.jpg
http://cdn.wpsstatic.com/images/full/116a-572a53392768c.jpg,ebc-CK1295_1.jpg
http://cdn.wpsstatic.com/images/full/1196-5885c23008a7c.jpg,ebc-FA38_1.jpg
http://cdn.wpsstatic.com/images/full/11ad-572a543f60061.jpg,ebc-FA216/3_1.jpg
http://cdn.wpsstatic.com/images/full/11e0-572a5561c3689.jpg,ebc-MD6256D_1.jpg
http://cdn.wpsstatic.com/images/full/11eb-5f578c8693313.jpg,ebc-MD2088_1.jpg
http://cdn.wpsstatic.com/images/full/120a-572a54a1e7496.jpg,ebc-CK3366_1.jpg
http://cdn.wpsstatic.com/images/full/1257-572a545a78082.jpg,ebc-FA231/2V_1.jpg
http://cdn.wpsstatic.com/images/full/1258-572a5345e508c.jpg,ebc-FA136_1.jpg
http://cdn.wpsstatic.com/images/full/126c-5885c2eed3f71.jpg,ebc-SFA321_1.jpg
http://cdn.wpsstatic.com/images/full/1279-5bc8baf20cebd.jpg,ebc-MD1137XC_1.jpg
http://cdn.wpsstatic.com/images/full/1279-5bc8baf20cebd.jpg,ebc-MD2116C_1.jpg
http://cdn.wpsstatic.com/images/full/1279-5bc8baf20cebd.jpg,ebc-MD4166C_1.jpg
http://cdn.wpsstatic.com/images/full/1279-5bc8baf20cebd.jpg,ebc-MD1164C_1.jpg
http://cdn.wpsstatic.com/images/full/1279-5bc8baf20cebd.jpg,ebc-MD6329C_1.jpg
http://cdn.wpsstatic.com/images/full/1279-5bc8baf20cebd.jpg,ebc-MD6351C_1.jpg
http://cdn.wpsstatic.com/images/full/1279-5bc8baf20cebd.jpg,ebc-MD1171XC_1.jpg
http://cdn.wpsstatic.com/images/full/1279-5bc8baf20cebd.jpg,ebc-MD1173C_1.jpg
http://cdn.wpsstatic.com/images/full/1279-5bc8baf20cebd.jpg,ebc-MD2102XC_1.jpg
http://cdn.wpsstatic.com/images/full/1279-5bc8baf20cebd.jpg,ebc-MD2114C_1.jpg
http://cdn.wpsstatic.com/images/full/1279-5bc8baf20cebd.jpg,ebc-MD4164AC_1.jpg
http://cdn.wpsstatic.com/images/full/1279-5bc8baf20cebd.jpg,ebc-MD851C_1.jpg
http://cdn.wpsstatic.com/images/full/1279-5bc8baf20cebd.jpg,ebc-MD865XC_1.jpg
http://cdn.wpsstatic.com/images/full/1279-5bc8baf20cebd.jpg,ebc-MD868XC_1.jpg
http://cdn.wpsstatic.com/images/full/1279-5bc8baf20cebd.jpg,ebc-MD843XC_1.jpg
http://cdn.wpsstatic.com/images/full/1279-5bc8baf20cebd.jpg,ebc-MD1183C_1.jpg
http://cdn.wpsstatic.com/images/full/1279-5bc8baf20cebd.jpg,ebc-MD878C_1.jpg
http://cdn.wpsstatic.com/images/full/1279-5bc8baf20cebd.jpg,ebc-MD6304C_1.jpg
http://cdn.wpsstatic.com/images/full/1279-5bc8baf20cebd.jpg,ebc-MD627C_1.jpg
http://cdn.wpsstatic.com/images/full/1279-5bc8baf20cebd.jpg,ebc-MD817XC_1.jpg
http://cdn.wpsstatic.com/images/full/1279-5bc8baf20cebd.jpg,ebc-MD841XC_1.jpg
http://cdn.wpsstatic.com/images/full/1279-5bc8baf20cebd.jpg,ebc-MD852XC_1.jpg
http://cdn.wpsstatic.com/images/full/1279-5bc8baf20cebd.jpg,ebc-MD2120C_1.jpg
http://cdn.wpsstatic.com/images/full/1279-5bc8baf20cebd.jpg,ebc-MD2124XC_1.jpg
http://cdn.wpsstatic.com/images/full/1279-5bc8baf20cebd.jpg,ebc-MD2123C_1.jpg
http://cdn.wpsstatic.com/images/full/1279-5bc8baf20cebd.jpg,ebc-MD3102XC_1.jpg
http://cdn.wpsstatic.com/images/full/1279-5bc8baf20cebd.jpg,ebc-MD3103XC_1.jpg
http://cdn.wpsstatic.com/images/full/1279-5bc8baf20cebd.jpg,ebc-MD2119XC_1.jpg
http://cdn.wpsstatic.com/images/full/1279-5bc8baf20cebd.jpg,ebc-MD864XC_1.jpg
http://cdn.wpsstatic.com/images/full/128b-572a54d1a18fb.jpg,ebc-FA400_1.jpg
http://cdn.wpsstatic.com/images/full/1292-572a526769344.jpg,ebc-343G_1.jpg
http://cdn.wpsstatic.com/images/full/12b4-5885c1e691682.jpg,ebc-CSK119_1.jpg
http://cdn.wpsstatic.com/images/full/12c5-572a554092fb4.jpg,ebc-FA604/4HH_1.jpg
http://cdn.wpsstatic.com/images/full/12e5-572a5389a70f6.jpg,ebc-CSK27_1.jpg
http://cdn.wpsstatic.com/images/full/12f7-5d1684aa45427.jpg,ebc-SXR165HH_1.jpg
http://cdn.wpsstatic.com/images/full/1330-5d02993adf520.jpg,ebc-SRK50_1.jpg
http://cdn.wpsstatic.com/images/full/1358-572a542eb0185.jpg,ebc-MD2068_1.jpg
http://cdn.wpsstatic.com/images/full/1387-572a543dc29cf.jpg,ebc-FA215_1.jpg
http://cdn.wpsstatic.com/images/full/13b3-572a55a8a2668.jpg,ebc-FA92R_1.jpg
http://cdn.wpsstatic.com/images/full/13c2-572a530e3e496.jpg,ebc-FA105R_1.jpg
http://cdn.wpsstatic.com/images/full/13eb-572a5395627ee.jpg,ebc-CSK58_1.jpg
http://cdn.wpsstatic.com/images/full/13ed-572a53eeb59e8.jpg,ebc-FA187_1.jpg
http://cdn.wpsstatic.com/images/full/13f1-5ecd4093ca738.jpg,ebc-FA714X_1.jpg
http://cdn.wpsstatic.com/images/full/13f3-572a52c7611c5.jpg,ebc-818_1.jpg
http://cdn.wpsstatic.com/images/full/1420-572a54f69cf42.jpg,ebc-CK4413_1.jpg
http://cdn.wpsstatic.com/images/full/1428-572a549579b08.jpg,ebc-FA322/4HH_1.jpg
http://cdn.wpsstatic.com/images/full/1458-572a53f9878d0.jpg,ebc-DRC93_1.jpg
http://cdn.wpsstatic.com/images/full/1461-572a54e08dcb2.jpg,ebc-FA41_1.jpg
http://cdn.wpsstatic.com/images/full/1469-5a283a843e1cb.jpg,ebc-RSD019_1.jpg
http://cdn.wpsstatic.com/images/full/1475-572a5279c5d2c.jpg,ebc-507_1.jpg
http://cdn.wpsstatic.com/images/full/14a3-60410510ac983.jpg,ebc-MD6208CX_1.jpg
http://cdn.wpsstatic.com/images/full/14c8-5885c244e2fa2.jpg,ebc-CK5594_1.jpg
http://cdn.wpsstatic.com/images/full/14cd-572a5397d4d00.jpg,ebc-CSK68_1.jpg
http://cdn.wpsstatic.com/images/full/14d5-572a5550ab897.jpg,ebc-MD6188D_1.jpg
http://cdn.wpsstatic.com/images/full/14ed-572a53ca22eb8.jpg,ebc-SRK66_1.jpg
http://cdn.wpsstatic.com/images/full/150e-572a5529a9ad2.jpg,ebc-FA51_1.jpg
http://cdn.wpsstatic.com/images/full/150f-5d028cd824ee3.jpg,ebc-EPFA367HH_1.jpg
http://cdn.wpsstatic.com/images/full/151a-572a532e3c0b6.jpg,ebc-FA123V_1.jpg
http://cdn.wpsstatic.com/images/full/1587-5d02903ebf23b.jpg,ebc-FA671_1.jpg
http://cdn.wpsstatic.com/images/full/15a1-572a5638d9f2c.jpg,ebc-SFA323HH_1.jpg
http://cdn.wpsstatic.com/images/full/15b0-5d028ef6737cd.jpg,ebc-FA629R_1.jpg
http://cdn.wpsstatic.com/images/full/15b9-572a5484f1098.jpg,ebc-MD3058XC_1.jpg
http://cdn.wpsstatic.com/images/full/1620-572a52b4e4560.jpg,ebc-634_1.jpg
http://cdn.wpsstatic.com/images/full/1624-5885c22e2f0c0.jpg,ebc-FA37_1.jpg
http://cdn.wpsstatic.com/images/full/1630-572a53aa5356b.jpg,ebc-SRC115_1.jpg
http://cdn.wpsstatic.com/images/full/1633-572a53e970cde.jpg,ebc-DRC54_1.jpg
http://cdn.wpsstatic.com/images/full/165e-572a5359eb1ee.jpg,ebc-FA159SV_1.jpg
http://cdn.wpsstatic.com/images/full/166c-572a531e615d4.jpg,ebc-MXS115_1.jpg
http://cdn.wpsstatic.com/images/full/16b0-572a556ea751d.jpg,ebc-MD6370D_1.jpg
http://cdn.wpsstatic.com/images/full/16c2-5d0293650eb1f.jpg,ebc-FA701X_1.jpg
http://cdn.wpsstatic.com/images/full/16ed-5d028da3bdb4c.jpg,ebc-FA453R_1.jpg
http://cdn.wpsstatic.com/images/full/16ff-572a525d381a1.jpg,ebc-327G_1.jpg
http://cdn.wpsstatic.com/images/full/1708-572a53d21dec3.jpg,ebc-EPFA181HH_1.jpg
http://cdn.wpsstatic.com/images/full/172d-572a538e37cb0.jpg,ebc-CSK36_1.jpg
http://cdn.wpsstatic.com/images/full/1760-572a538007466.jpg,ebc-CSK19_1.jpg
http://cdn.wpsstatic.com/images/full/176d-572a53cc68826.jpg,ebc-SRK78_1.jpg
http://cdn.wpsstatic.com/images/full/1783-572a53804b6da.jpg,ebc-CSK196_1.jpg
http://cdn.wpsstatic.com/images/full/17a1-5d02937cbc3a9.jpg,ebc-FA702R_1.jpg
http://cdn.wpsstatic.com/images/full/17b7-572a533adf4a9.jpg,ebc-FA129V_1.jpg
http://cdn.wpsstatic.com/images/full/17bb-572a53f1e2f43.jpg,ebc-DRC79_1.jpg
http://cdn.wpsstatic.com/images/full/17f3-572a549222b5a.jpg,ebc-FA319/2_1.jpg
http://cdn.wpsstatic.com/images/full/1851-572a536546330.jpg,ebc-CSK101_1.jpg
http://cdn.wpsstatic.com/images/full/18a6-572a55026b863.jpg,ebc-FA445X_1.jpg
http://cdn.wpsstatic.com/images/full/18ae-572a563574899.jpg,ebc-SFA298_1.jpg
http://cdn.wpsstatic.com/images/full/18ce-572a54cd58f11.jpg,ebc-FA388HH_1.jpg
http://cdn.wpsstatic.com/images/full/18d2-5fb4508a3f21f.jpg,ebc-MD6145D_1.jpg
http://cdn.wpsstatic.com/images/full/1900-660426cca6e5b.png,ebc-SFA706HH_1.jpg
http://cdn.wpsstatic.com/images/full/190c-572a53b8a7d90.jpg,ebc-SRC68_1.jpg
http://cdn.wpsstatic.com/images/full/1939-572a5282ac7fc.jpg,ebc-519_1.jpg
http://cdn.wpsstatic.com/images/full/199d-6171d727ade78.png,ebc-FA85_1.jpg
http://cdn.wpsstatic.com/images/full/19b2-572a54ca9e047.jpg,ebc-EPFA381HH_1.jpg
http://cdn.wpsstatic.com/images/full/19c7-572a5414aeac9.jpg,ebc-DRC131_1.jpg
http://cdn.wpsstatic.com/images/full/19f2-61041bb418485.png,ebc-CT076SP_1.jpg
http://cdn.wpsstatic.com/images/full/1a02-572a525558dad.jpg,ebc-315_1.jpg
http://cdn.wpsstatic.com/images/full/1a11-572a54127dc3b.jpg,ebc-FA192HH_1.jpg
http://cdn.wpsstatic.com/images/full/1a24-572a55a5d1285.jpg,ebc-FA88HH_1.jpg
http://cdn.wpsstatic.com/images/full/1a84-5b0d8e55d6616.jpg,ebc-DRCF105_1.jpg
http://cdn.wpsstatic.com/images/full/1a84-5b0d8e55d6616.jpg,ebc-DRCF42_1.jpg
http://cdn.wpsstatic.com/images/full/1a84-5b0d8e55d6616.jpg,ebc-DRCF44_1.jpg
http://cdn.wpsstatic.com/images/full/1a84-5b0d8e55d6616.jpg,ebc-DRCF88_1.jpg
http://cdn.wpsstatic.com/images/full/1a84-5b0d8e55d6616.jpg,ebc-DRCF100_1.jpg
http://cdn.wpsstatic.com/images/full/1a84-5b0d8e55d6616.jpg,ebc-DRCF128_1.jpg
http://cdn.wpsstatic.com/images/full/1a84-5b0d8e55d6616.jpg,ebc-DRCF137_1.jpg
http://cdn.wpsstatic.com/images/full/1a84-5b0d8e55d6616.jpg,ebc-DRCF200_1.jpg
http://cdn.wpsstatic.com/images/full/1a84-5b0d8e55d6616.jpg,ebc-DRCF240_1.jpg
http://cdn.wpsstatic.com/images/full/1ab3-5fb451c3704f9.jpg,ebc-CSK158_1.jpg
http://cdn.wpsstatic.com/images/full/1ac9-60a6a9189a6f3.png,ebc-704G_1.jpg
http://cdn.wpsstatic.com/images/full/1acd-572a53a303055.jpg,ebc-CSK91_1.jpg
http://cdn.wpsstatic.com/images/full/1adc-572a556505b9c.jpg,ebc-MD6273D_1.jpg
http://cdn.wpsstatic.com/images/full/1adf-572a5631b6997.jpg,ebc-SFA260_1.jpg
http://cdn.wpsstatic.com/images/full/1aef-572a53119858e.jpg,ebc-MD1077_1.jpg
http://cdn.wpsstatic.com/images/full/1b43-572a74f7af448.jpg,ebc-CT001_1.jpg
http://cdn.wpsstatic.com/images/full/1bbd-6040f8287c74e.jpg,ebc-619_1.jpg
http://cdn.wpsstatic.com/images/full/1bd2-572a526b82a87.jpg,ebc-347S_1.jpg
http://cdn.wpsstatic.com/images/full/1be8-5c21303bea1e2.jpg,ebc-GPFAX604/4HH_1.jpg
http://cdn.wpsstatic.com/images/full/1be8-5c21303bea1e2.jpg,ebc-GPFAX95HH_1.jpg
http://cdn.wpsstatic.com/images/full/1be8-5c21303bea1e2.jpg,ebc-GPFAX197HH_1.jpg
http://cdn.wpsstatic.com/images/full/1be8-5c21303bea1e2.jpg,ebc-GPFAX244HH_1.jpg
http://cdn.wpsstatic.com/images/full/1be8-5c21303bea1e2.jpg,ebc-GPFAX347HH_1.jpg
http://cdn.wpsstatic.com/images/full/1be8-5c21303bea1e2.jpg,ebc-GPFAX417/4HH_1.jpg
http://cdn.wpsstatic.com/images/full/1be8-5c21303bea1e2.jpg,ebc-GPFAX442/4HH_1.jpg
http://cdn.wpsstatic.com/images/full/1be8-5c21303bea1e2.jpg,ebc-GPFAX296HH_1.jpg
http://cdn.wpsstatic.com/images/full/1c47-572a551b49c95.jpg,ebc-FA468R_1.jpg
http://cdn.wpsstatic.com/images/full/1c4c-5f52a5e8e437f.jpg,ebc-MD521_1.jpg
http://cdn.wpsstatic.com/images/full/1c4e-572a5562a5102.jpg,ebc-MD6263D_1.jpg
http://cdn.wpsstatic.com/images/full/1c54-572a53418e29b.jpg,ebc-FA132R_1.jpg
http://cdn.wpsstatic.com/images/full/1c5e-5d028b2254f00.jpg,ebc-FA60_1.jpg
http://cdn.wpsstatic.com/images/full/1c6d-572a55703c931.jpg,ebc-MD6380D_1.jpg
http://cdn.wpsstatic.com/images/full/1ca0-572a54a6302f5.jpg,ebc-CK3399_1.jpg
http://cdn.wpsstatic.com/images/full/1cca-5d029ef3e4f32.jpg,ebc-SFA321HH_1.jpg
http://cdn.wpsstatic.com/images/full/1ce2-5885c1ea91358.jpg,ebc-CSK201_1.jpg
http://cdn.wpsstatic.com/images/full/1ced-572a525f3fdda.jpg,ebc-330G_1.jpg
http://cdn.wpsstatic.com/images/full/1d0f-572a53bc82bbe.jpg,ebc-SRC83_1.jpg
http://cdn.wpsstatic.com/images/full/1d35-5fb845f7724f2.jpg,ebc-FA724HH_1.jpg
http://cdn.wpsstatic.com/images/full/1d3c-63643b28e1ae2.png,ebc-FA738SV_1.jpg
http://cdn.wpsstatic.com/images/full/1d75-572a532151954.jpg,ebc-FA425_1.jpg
http://cdn.wpsstatic.com/images/full/1d75-572a532151954.jpg,ebc-MXS54_1.jpg
http://cdn.wpsstatic.com/images/full/1d75-572a532151954.jpg,ebc-FA233_1.jpg
http://cdn.wpsstatic.com/images/full/1d95-5d029d2d9c910.jpg,ebc-CT069_1.jpg
http://cdn.wpsstatic.com/images/full/1dba-572a52c897cf5.jpg,ebc-831G_1.jpg
http://cdn.wpsstatic.com/images/full/1df1-572a5451d9fbd.jpg,ebc-FA228HH_1.jpg
http://cdn.wpsstatic.com/images/full/1e0b-572a53855dbc1.jpg,ebc-CSK203_1.jpg
http://cdn.wpsstatic.com/images/full/1e0d-572a550a644b4.jpg,ebc-CK4485_1.jpg
http://cdn.wpsstatic.com/images/full/1e0e-60bfdc23a4817.png,ebc-EPFA229HH_1.jpg
http://cdn.wpsstatic.com/images/full/1e2a-5fb4479eadf0a.jpg,ebc-GPFAX390HH_1.jpg
http://cdn.wpsstatic.com/images/full/1e4b-572a53bf2d8f6.jpg,ebc-DRC10_1.jpg
http://cdn.wpsstatic.com/images/full/1e4c-5f57ad3eb8e6d.jpg,ebc-MD1148_1.jpg
http://cdn.wpsstatic.com/images/full/1e6a-5fb45411eafe8.jpg,ebc-MD3107XC_1.jpg
http://cdn.wpsstatic.com/images/full/1e74-572a54c616f9a.jpg,ebc-FA373SV_1.jpg
http://cdn.wpsstatic.com/images/full/1e82-572a5384774a2.jpg,ebc-CSK200_1.jpg
http://cdn.wpsstatic.com/images/full/1e9f-5885c2f19ee9d.jpg,ebc-SFA324_1.jpg
http://cdn.wpsstatic.com/images/full/1ea7-572a53ac09c60.jpg,ebc-SRC22_1.jpg
http://cdn.wpsstatic.com/images/full/1eca-572a53fe95692.jpg,ebc-DRC101_1.jpg
http://cdn.wpsstatic.com/images/full/1ee1-572a55802ecfb.jpg,ebc-FA645SV_1.jpg
http://cdn.wpsstatic.com/images/full/1f00-572a532c27df3.jpg,ebc-FA123_1.jpg
http://cdn.wpsstatic.com/images/full/1f7e-572a52b07aeb3.jpg,ebc-624G_1.jpg
http://cdn.wpsstatic.com/images/full/1f83-572a530d12595.jpg,ebc-FA104V_1.jpg
http://cdn.wpsstatic.com/images/full/1f8b-572a54a482b52.jpg,ebc-CK3382_1.jpg
http://cdn.wpsstatic.com/images/full/1f90-572a54b387ace.jpg,ebc-FA348_1.jpg
http://cdn.wpsstatic.com/images/full/1f9e-572a54b60f669.jpg,ebc-FA354R_1.jpg
http://cdn.wpsstatic.com/images/full/1fa2-5ecd3c3b4dd83.jpg,ebc-FA710HH-OLD_1.jpg
http://cdn.wpsstatic.com/images/full/1fb8-5d7900f39882a.jpg,ebc-FA675SV_1.jpg
http://cdn.wpsstatic.com/images/full/1fd1-61041b21d58e7.png,ebc-CK1171_1.jpg
http://cdn.wpsstatic.com/images/full/1fd3-572a55695fc91.jpg,ebc-FA629X_1.jpg
http://cdn.wpsstatic.com/images/full/1fe8-572a54745b717.jpg,ebc-FA267_1.jpg
http://cdn.wpsstatic.com/images/full/1fe8-572a55495c850.jpg,ebc-MD6135D_1.jpg
http://cdn.wpsstatic.com/images/full/2008-572a53351f407.jpg,ebc-CK1265_1.jpg
http://cdn.wpsstatic.com/images/full/201f-572a563239fb2.jpg,ebc-SFA264_1.jpg
http://cdn.wpsstatic.com/images/full/201f-5885c25da5804.jpg,ebc-MD6310C_1.jpg
http://cdn.wpsstatic.com/images/full/2032-572a53550c32d.jpg,ebc-MXS152_1.jpg
http://cdn.wpsstatic.com/images/full/203f-572a5590d057f.jpg,ebc-FA69HH_1.jpg
http://cdn.wpsstatic.com/images/full/2040-5885c247eb73a.jpg,ebc-MD6001D_1.jpg
http://cdn.wpsstatic.com/images/full/2048-572a537b2d38a.jpg,ebc-CSK169_1.jpg
http://cdn.wpsstatic.com/images/full/205c-572a53a70a04d.jpg,ebc-DRC100_1.jpg
http://cdn.wpsstatic.com/images/full/20a2-572a53cbc7ad4.jpg,ebc-SRK77_1.jpg
http://cdn.wpsstatic.com/images/full/20bf-572a533f29a89.jpg,ebc-CK1312_1.jpg
http://cdn.wpsstatic.com/images/full/20c3-572a54cccdbfa.jpg,ebc-FA387V_1.jpg
http://cdn.wpsstatic.com/images/full/2109-5d028e65b8f08.jpg,ebc-EPFA604/4HH_1.jpg
http://cdn.wpsstatic.com/images/full/210a-572a5515cd414.jpg,ebc-FA457HH_1.jpg
http://cdn.wpsstatic.com/images/full/212a-5e023a7b7403f.jpg,ebc-FA712R_1.jpg
http://cdn.wpsstatic.com/images/full/2166-5885c25b719ee.jpg,ebc-MD6247D_1.jpg
http://cdn.wpsstatic.com/images/full/2189-572a544d2db0a.jpg,ebc-FA226HH_1.jpg
http://cdn.wpsstatic.com/images/full/219b-5d029a3438712.jpg,ebc-DRC298_1.jpg
http://cdn.wpsstatic.com/images/full/21b6-5d029bbdcdf03.jpg,ebc-CT016_1.jpg
http://cdn.wpsstatic.com/images/full/21fb-572a53c934384.jpg,ebc-SRK59_1.jpg
http://cdn.wpsstatic.com/images/full/2249-60a6a9e284405.png,ebc-MD1141X_1.jpg
http://cdn.wpsstatic.com/images/full/2256-572a556fb01f3.jpg,ebc-FA638_1.jpg
http://cdn.wpsstatic.com/images/full/2262-572a5551313c5.jpg,ebc-FA618R_1.jpg
http://cdn.wpsstatic.com/images/full/2290-5885c23654782.jpg,ebc-MD4088_1.jpg
http://cdn.wpsstatic.com/images/full/22d6-5d02987240ee8.jpg,ebc-CSK254_1.jpg
http://cdn.wpsstatic.com/images/full/2301-572a53559e7d0.jpg,ebc-FA152X_1.jpg
http://cdn.wpsstatic.com/images/full/230c-572a556745924.jpg,ebc-MD6283D_1.jpg
http://cdn.wpsstatic.com/images/full/2326-572a5479ccc8a.jpg,ebc-FA29_1.jpg
http://cdn.wpsstatic.com/images/full/2348-572a52b6bd02f.jpg,ebc-636G_1.jpg
http://cdn.wpsstatic.com/images/full/2363-6171d864b44c6.png,ebc-BF-307 EACH_1.jpg
http://cdn.wpsstatic.com/images/full/2367-572a530a0725b.jpg,ebc-FA103HH_1.jpg
http://cdn.wpsstatic.com/images/full/239a-572a548243668.jpg,ebc-MD3039RS_1.jpg
http://cdn.wpsstatic.com/images/full/23a2-572a5324668e9.jpg,ebc-CK1191_1.jpg
http://cdn.wpsstatic.com/images/full/23bc-5d0298df82753.jpg,ebc-SRC71_1.jpg
http://cdn.wpsstatic.com/images/full/23cf-572a53386bb45.jpg,ebc-CK1293_1.jpg
http://cdn.wpsstatic.com/images/full/241c-572a53a776ab0.jpg,ebc-SRC3_1.jpg
http://cdn.wpsstatic.com/images/full/2433-5f52a6c3be8aa.jpg,ebc-FA605/4V_1.jpg
http://cdn.wpsstatic.com/images/full/2435-5f52985c9ab6d.jpg,ebc-601_1.jpg
http://cdn.wpsstatic.com/images/full/243c-5d0298410573c.jpg,ebc-CSK247_1.jpg
http://cdn.wpsstatic.com/images/full/2449-5f57b155f26a5.jpg,ebc-MD801_1.jpg
http://cdn.wpsstatic.com/images/full/244c-63643b2933dcc.png,ebc-FA741R_1.jpg
http://cdn.wpsstatic.com/images/full/244e-572a7502ce241.jpg,ebc-CT019_1.jpg
http://cdn.wpsstatic.com/images/full/2457-5d7902a72cb1f.jpg,ebc-CT015_1.jpg
http://cdn.wpsstatic.com/images/full/2476-572a554d4e075.jpg,ebc-MD6174D_1.jpg
http://cdn.wpsstatic.com/images/full/248d-572a555a00c36.jpg,ebc-MD6215D_1.jpg
http://cdn.wpsstatic.com/images/full/249b-572a52b9813ff.jpg,ebc-702_1.jpg
http://cdn.wpsstatic.com/images/full/249f-572a530541a2d.jpg,ebc-MD1004C_1.jpg
http://cdn.wpsstatic.com/images/full/24b7-572a5517e6c0d.jpg,ebc-FA458V_1.jpg
http://cdn.wpsstatic.com/images/full/24de-572a52fb2cdc2.jpg,ebc-MD607LS_1.jpg
http://cdn.wpsstatic.com/images/full/2504-572a558a15e5f.jpg,ebc-FA68_1.jpg
http://cdn.wpsstatic.com/images/full/2506-5f578e8c42b3e.jpg,ebc-MD2099_1.jpg
http://cdn.wpsstatic.com/images/full/251d-5e023acb1f01e.jpg,ebc-CT022_1.jpg
http://cdn.wpsstatic.com/images/full/2521-572a54780a21c.jpg,ebc-FA273R_1.jpg
http://cdn.wpsstatic.com/images/full/2529-572a54af07233.jpg,ebc-EPFA345HH_1.jpg
http://cdn.wpsstatic.com/images/full/2592-572a54add7bd5.jpg,ebc-CK3454_1.jpg
http://cdn.wpsstatic.com/images/full/25dc-6171d77aaa750.png,ebc-FA174_1.jpg
http://cdn.wpsstatic.com/images/full/2630-572a52b3486d4.jpg,ebc-629G_1.jpg
http://cdn.wpsstatic.com/images/full/2669-572a53a3690f9.jpg,ebc-CSK92_1.jpg
http://cdn.wpsstatic.com/images/full/2681-572a53b8424a4.jpg,ebc-SRC66_1.jpg
http://cdn.wpsstatic.com/images/full/26a6-5ecd3cb7527ff.jpg,ebc-FA710V-OLD_1.jpg
http://cdn.wpsstatic.com/images/full/26b3-572a53afedec1.jpg,ebc-DRC3_1.jpg
http://cdn.wpsstatic.com/images/full/26eb-572a541015a65.jpg,ebc-DRC164_1.jpg
http://cdn.wpsstatic.com/images/full/2727-572a529b29c58.jpg,ebc-602G_1.jpg
http://cdn.wpsstatic.com/images/full/272e-572a53f15dc48.jpg,ebc-DRC78_1.jpg
http://cdn.wpsstatic.com/images/full/2735-572a555b77cc1.jpg,ebc-MD6225D_1.jpg
http://cdn.wpsstatic.com/images/full/2777-572a53e0295d9.jpg,ebc-DRCF276_1.jpg
http://cdn.wpsstatic.com/images/full/27b2-572a5415c87d2.jpg,ebc-DRC137_1.jpg
http://cdn.wpsstatic.com/images/full/27b6-60a6ac63e6bf5.png,ebc-MD1188X_1.jpg
http://cdn.wpsstatic.com/images/full/27d4-6041050184e1d.jpg,ebc-MD6190CX_1.jpg
http://cdn.wpsstatic.com/images/full/27ef-5d0291dae24cb.jpg,ebc-FA685X_1.jpg
http://cdn.wpsstatic.com/images/full/27fe-572a5463b2074.jpg,ebc-FA236_1.jpg
http://cdn.wpsstatic.com/images/full/27ff-6040f889e5bfe.jpg,ebc-CSK140_1.jpg
http://cdn.wpsstatic.com/images/full/2803-572a540bf306e.jpg,ebc-FA192_1.jpg
http://cdn.wpsstatic.com/images/full/283a-572a524c0ee04.jpg,ebc-303_1.jpg
http://cdn.wpsstatic.com/images/full/2852-572a55187889d.jpg,ebc-FA458VLD_1.jpg
http://cdn.wpsstatic.com/images/full/287a-572a548b2ce55.jpg,ebc-MD3091XC_1.jpg
http://cdn.wpsstatic.com/images/full/28aa-572a545918a2a.jpg,ebc-FA230X_1.jpg
http://cdn.wpsstatic.com/images/full/28b0-572a549c3c6c0.jpg,ebc-CK3340_1.jpg
http://cdn.wpsstatic.com/images/full/2905-5f57ae4f0f7e3.jpg,ebc-MD533_1.jpg
http://cdn.wpsstatic.com/images/full/2928-572a563d64a76.jpg,ebc-SFA408_1.jpg
http://cdn.wpsstatic.com/images/full/294b-572a5532e24c8.jpg,ebc-CK5644_1.jpg
http://cdn.wpsstatic.com/images/full/2964-5d028d899349f.jpg,ebc-FA452X_1.jpg
http://cdn.wpsstatic.com/images/full/298c-5885c28d54bf6.jpg,ebc-FA657R_1.jpg
http://cdn.wpsstatic.com/images/full/299c-572a5268a0ca6.jpg,ebc-345_1.jpg
http://cdn.wpsstatic.com/images/full/299e-5885c1d6645c3.jpg,ebc-CK1149_1.jpg
